Workbook

Sheet Asumsi
A1: ASUMSI UTAMA (sel kuning = boleh diubah)
A3: Rata-rata nilai transaksi (Rp) | B3: 15000
A4: HPP rata-rata (% omzet) | B4: 0.46
A5: Hari buka per bulan | B5: 30
A6: PPh Final UMKM (% omzet) | B6: 0.005
A7: Porsi transaksi via QRIS | B7: 0.5
A8: MDR QRIS (%) | B8: 0.003
A11: BIAYA TETAP BULANAN
A12: Sewa (Rp1,2jt/bulan) | B12: 1200000
A13: Gaji 2 crew | B13: 5000000
A14: Uang makan & bonus target | B14: 800000
A15: Listrik (2.200 VA) | B15: 1000000
A16: Gas LPG 12 kg | B16: 1000000
A17: Air, galon & internet | B17: 600000
A18: Marketing rutin & konten | B18: 500000
A19: POS & aplikasi (versi gratis) | B19: 0
A20: Kebersihan & perawatan alat | B20: 300000
A21: Lain-lain / tak terduga | B21: 400000
A22: Penyusutan alat (± Rp19,4jt / 48 bln) | B22: 400000
A23: TOTAL BIAYA TETAP | B23: =SUM(B12:B22)
A25: TARGET TRANSAKSI PER HARI (ramp-up) | C25: Bulan sewa dibayar di muka: | D25: 6
A26: Bulan 1 | B26: 45
A27: Bulan 2 | B27: 55
A28: Bulan 3 | B28: 60
A29: Bulan 4 | B29: 65
A30: Bulan 5 | B30: 70
A31: Bulan 6 | B31: 75
A32: Bulan 7 | B32: 80
A33: Bulan 8 | B33: 80
A34: Bulan 9 | B34: 85
A35: Bulan 10 | B35: 85
A36: Bulan 11 | B36: 90
A37: Bulan 12 | B37: 90

Sheet Modal
A1: Kategori | B1: Item | C1: Qty | D1: Harga Satuan | E1: Subtotal | G1: Ringkasan Kategori
A2: A. Tempat | B2: Sewa kios 3x8 m + teras, 6 bulan di muka (Rp1,2jt/bln) | C2: 6 | D2: 1200000 | E2: =C2*D2 | G2: A. Tempat | H2: =SUMIF($A$2:$A$41,G2,$E$2:$E$41)
A3: B. Renovasi | B3: Cat & mural sederhana (DIY) | C3: 1 | D3: 1500000 | E3: =C3*D3 | G3: B. Renovasi | H3: =SUMIF($A$2:$A$41,G3,$E$2:$E$41)
A4: B. Renovasi | B4: Tambah stop kontak & instalasi listrik | C4: 1 | D4: 1200000 | E4: =C4*D4 | G4: C. Bar Minuman | H4: =SUMIF($A$2:$A$41,G4,$E$2:$E$41)
A5: B. Renovasi | B5: Lampu LED hangat | C5: 1 | D5: 600000 | E5: =C5*D5 | G5: D. Dapur | H5: =SUMIF($A$2:$A$41,G5,$E$2:$E$41)
A6: B. Renovasi | B6: Counter bar sederhana (kayu/besi hollow) | C6: 1 | D6: 1200000 | E6: =C6*D6 | G6: E. Furniture | H6: =SUMIF($A$2:$A$41,G6,$E$2:$E$41)
A7: B. Renovasi | B7: Wastafel & plumbing kecil | C7: 1 | D7: 500000 | E7: =C7*D7 | G7: F. Sistem | H7: =SUMIF($A$2:$A$41,G7,$E$2:$E$41)
A8: C. Bar Minuman | B8: Rak & gantungan renteng sachet | C8: 1 | D8: 300000 | E8: =C8*D8 | G8: G. Branding | H8: =SUMIF($A$2:$A$41,G8,$E$2:$E$41)
A9: C. Bar Minuman | B9: Water boiler 10 L | C9: 1 | D9: 1000000 | E9: =C9*D9 | G9: H. Legal | H9: =SUMIF($A$2:$A$41,G9,$E$2:$E$41)
A10: C. Bar Minuman | B10: Blender (es sachet/Pop Ice) | C10: 1 | D10: 800000 | E10: =C10*D10 | G10: I. Stok Awal | H10: =SUMIF($A$2:$A$41,G10,$E$2:$E$41)
A11: C. Bar Minuman | B11: Panci besar burjo & ketan hitam | C11: 1 | D11: 400000 | E11: =C11*D11 | G11: J. Marketing | H11: =SUMIF($A$2:$A$41,G11,$E$2:$E$41)
A12: C. Bar Minuman | B12: Teko, gelas takar & termos | C12: 1 | D12: 200000 | E12: =C12*D12 | G12: K. Cadangan | H12: =SUMIF($A$2:$A$41,G12,$E$2:$E$41)
A13: D. Dapur | B13: Kompor 2 tungku + selang & regulator | C13: 1 | D13: 800000 | E13: =C13*D13
A14: D. Dapur | B14: Tabung LPG 12 kg + isi | C14: 2 | D14: 900000 | E14: =C14*D14
A15: D. Dapur | B15: Plat pemanggang roti bakar | C15: 1 | D15: 500000 | E15: =C15*D15
A16: D. Dapur | B16: Wajan & alat gorengan | C16: 1 | D16: 400000 | E16: =C16*D16
A17: D. Dapur | B17: Rice cooker 5 L | C17: 1 | D17: 450000 | E17: =C17*D17
A18: D. Dapur | B18: Kulkas showcase 1 pintu | C18: 1 | D18: 3800000 | E18: =C18*D18
A19: D. Dapur | B19: Cool box es batu | C19: 2 | D19: 250000 | E19: =C19*D19
A20: D. Dapur | B20: Peralatan masak | C20: 1 | D20: 800000 | E20: =C20*D20
A21: D. Dapur | B21: Peralatan saji 40 set | C21: 1 | D21: 700000 | E21: =C21*D21
A22: E. Furniture | B22: Meja | C22: 4 | D22: 400000 | E22: =C22*D22
A23: E. Furniture | B23: Kursi / bangku | C23: 16 | D23: 100000 | E23: =C23*D23
A24: E. Furniture | B24: Meja bar dinding + 4 stool | C24: 1 | D24: 800000 | E24: =C24*D24
... A41: K. Cadangan | B41: Dana cadangan / modal kerja | C41: 1 | D41: 9200000 | E41: =C41*D41
B42: TOTAL INVESTASI AWAL | E42: =SUM(E2:E41)

Sheet HPP Menu
A1: Menu | B1: Kategori | C1: Biaya Bahan / Porsi | D1: Harga Jual | E1: HPP % | F1: Margin Kotor (Rp)
A2: Kopi sachet panas (Kapal Api, ABC, Torabika, Good Day, Luwak) | B2: Minuman | C2: 1800 | D2: 4000 | E2: =C2/D2 | F2: =D2-C2
A3: Kopi sachet es | B3: Minuman | C3: 2300 | D3: 5000 | E3: =C3/D3 | F3: =D3-C3
A4: Kopi hitam tubruk | B4: Minuman | C4: 1200 | D4: 4000 | E4: =C4/D4 | F4: =D4-C4
A5: Teh manis panas | B5: Minuman | C5: 800 | D5: 3000 | E5: =C5/D5 | F5: =D5-C5
A6: Es teh manis jumbo | B6: Minuman | C6: 1500 | D6: 5000 | E6: =C6/D6 | F6: =D6-C6
A7: Susu jahe / jahe sachet | B7: Minuman | C7: 2000 | D7: 5000 | E7: =C7/D7 | F7: =D7-C7
A8: Susu putih / cokelat (SKM) | B8: Minuman | C8: 2000 | D8: 5000 | E8: =C8/D8 | F8: =D8-C8
A9: Extra Joss / Kuku Bima susu | B9: Minuman | C9: 3000 | D9: 6000 | E9: =C9/D9 | F9: =D9-C9
A10: Minuman sachet es (Nutrisari, Milo, Pop Ice) | B10: Minuman | C10: 2300 | D10: 5000 | E10: =C10/D10 | F10: =D10-C10
A11: Indomie rebus/goreng (semua varian) | B11: Makanan | C11: 4200 | D11: 8000 | E11: =C11/D11 | F11: =D11-C11
A12: Indomie telor | B12: Makanan | C12: 6500 | D12: 12000 | E12: =C12/D12 | F12: =D12-C12
A13: Indomie telor kornet | B13: Makanan | C13: 8000 | D13: 15000 | E13: =C13/D13 | F13: =D13-C13
... A22: Gorengan titip jual (per biji) | B22: Camilan | C22: 1400 | D22: 2000 | E22: =C22/D22 | F22: =D22-C22

Sheet Proyeksi 12 Bulan
A1: Bulan | B1: Transaksi/Hari | C1: Omzet | D1: HPP | E1: Laba Kotor | F1: Biaya Tetap | G1: Pajak UMKM | H1: MDR QRIS | I1: Laba Bersih | J1: Arus Kas Operasi* | K1: Kas Kumulatif vs Modal
A2: 1 | B2: =Asumsi!B26 | C2: =B2*Asumsi!$B$3*Asumsi!$B$5 | D2: =C2*Asumsi!$B$4 | E2: =C2-D2 | F2: =Asumsi!$B$23 | G2: =C2*Asumsi!$B$6 | H2: =C2*Asumsi!$B$7*Asumsi!$B$8 | I2: =E2-F2-G2-H2 | J2: =I2+Asumsi!$B$22+IF(A2<=Asumsi!$D$25,Asumsi!$B$12,0) | K2: =-Modal!$E$42+J2
A3: 2 | B3: =Asumsi!B27 | C3: =B3*Asumsi!$B$3*Asumsi!$B$5 | D3: =C3*Asumsi!$B$4 | E3: =C3-D3 | F3: =Asumsi!$B$23 | G3: =C3*Asumsi!$B$6 | H3: =C3*Asumsi!$B$7*Asumsi!$B$8 | I3: =E3-F3-G3-H3 | J3: =I3+Asumsi!$B$22+IF(A3<=Asumsi!$D$25,Asumsi!$B$12,0) | K3: =K2+J3
A4: 3 | B4: =Asumsi!B28 | C4: =B4*Asumsi!$B$3*Asumsi!$B$5 | D4: =C4*Asumsi!$B$4 | E4: =C4-D4 | F4: =Asumsi!$B$23 | G4: =C4*Asumsi!$B$6 | H4: =C4*Asumsi!$B$7*Asumsi!$B$8 | I4: =E4-F4-G4-H4 | J4: =I4+Asumsi!$B$22+IF(A4<=Asumsi!$D$25,Asumsi!$B$12,0) | K4: =K3+J4
A5: 4 | B5: =Asumsi!B29 | C5: =B5*Asumsi!$B$3*Asumsi!$B$5 | D5: =C5*Asumsi!$B$4 | E5: =C5-D5 | F5: =Asumsi!$B$23 | G5: =C5*Asumsi!$B$6 | H5: =C5*Asumsi!$B$7*Asumsi!$B$8 | I5: =E5-F5-G5-H5 | J5: =I5+Asumsi!$B$22+IF(A5<=Asumsi!$D$25,Asumsi!$B$12,0) | K5: =K4+J5
A6: 5 | B6: =Asumsi!B30 | C6: =B6*Asumsi!$B$3*Asumsi!$B$5 | D6: =C6*Asumsi!$B$4 | E6: =C6-D6 | F6: =Asumsi!$B$23 | G6: =C6*Asumsi!$B$6 | H6: =C6*Asumsi!$B$7*Asumsi!$B$8 | I6: =E6-F6-G6-H6 | J6: =I6+Asumsi!$B$22+IF(A6<=Asumsi!$D$25,Asumsi!$B$12,0) | K6: =K5+J6
A7: 6 | B7: =Asumsi!B31 | C7: =B7*Asumsi!$B$3*Asumsi!$B$5 | D7: =C7*Asumsi!$B$4 | E7: =C7-D7 | F7: =Asumsi!$B$23 | G7: =C7*Asumsi!$B$6 | H7: =C7*Asumsi!$B$7*Asumsi!$B$8 | I7: =E7-F7-G7-H7 | J7: =I7+Asumsi!$B$22+IF(A7<=Asumsi!$D$25,Asumsi!$B$12,0) | K7: =K6+J7
A8: 7 | B8: =Asumsi!B32 | C8: =B8*Asumsi!$B$3*Asumsi!$B$5 | D8: =C8*Asumsi!$B$4 | E8: =C8-D8 | F8: =Asumsi!$B$23 | G8: =C8*Asumsi!$B$6 | H8: =C8*Asumsi!$B$7*Asumsi!$B$8 | I8: =E8-F8-G8-H8 | J8: =I8+Asumsi!$B$22+IF(A8<=Asumsi!$D$25,Asumsi!$B$12,0) | K8: =K7+J8
A9: 8 | B9: =Asumsi!B33 | C9: =B9*Asumsi!$B$3*Asumsi!$B$5 | D9: =C9*Asumsi!$B$4 | E9: =C9-D9 | F9: =Asumsi!$B$23 | G9: =C9*Asumsi!$B$6 | H9: =C9*Asumsi!$B$7*Asumsi!$B$8 | I9: =E9-F9-G9-H9 | J9: =I9+Asumsi!$B$22+IF(A9<=Asumsi!$D$25,Asumsi!$B$12,0) | K9: =K8+J9
A10: 9 | B10: =Asumsi!B34 | C10: =B10*Asumsi!$B$3*Asumsi!$B$5 | D10: =C10*Asumsi!$B$4 | E10: =C10-D10 | F10: =Asumsi!$B$23 | G10: =C10*Asumsi!$B$6 | H10: =C10*Asumsi!$B$7*Asumsi!$B$8 | I10: =E10-F10-G10-H10 | J10: =I10+Asumsi!$B$22+IF(A10<=Asumsi!$D$25,Asumsi!$B$12,0) | K10: =K9+J10
A11: 10 | B11: =Asumsi!B35 | C11: =B11*Asumsi!$B$3*Asumsi!$B$5 | D11: =C11*Asumsi!$B$4 | E11: =C11-D11 | F11: =Asumsi!$B$23 | G11: =C11*Asumsi!$B$6 | H11: =C11*Asumsi!$B$7*Asumsi!$B$8 | I11: =E11-F11-G11-H11 | J11: =I11+Asumsi!$B$22+IF(A11<=Asumsi!$D$25,Asumsi!$B$12,0) | K11: =K10+J11
A12: 11 | B12: =Asumsi!B36 | C12: =B12*Asumsi!$B$3*Asumsi!$B$5 | D12: =C12*Asumsi!$B$4 | E12: =C12-D12 | F12: =Asumsi!$B$23 | G12: =C12*Asumsi!$B$6 | H12: =C12*Asumsi!$B$7*Asumsi!$B$8 | I12: =E12-F12-G12-H12 | J12: =I12+Asumsi!$B$22+IF(A12<=Asumsi!$D$25,Asumsi!$B$12,0) | K12: =K11+J12
A13: 12 | B13: =Asumsi!B37 | C13: =B13*Asumsi!$B$3*Asumsi!$B$5 | D13: =C13*Asumsi!$B$4 | E13: =C13-D13 | F13: =Asumsi!$B$23 | G13: =C13*Asumsi!$B$6 | H13: =C13*Asumsi!$B$7*Asumsi!$B$8 | I13: =E13-F13-G13-H13 | J13: =I13+Asumsi!$B$22+IF(A13<=Asumsi!$D$25,Asumsi!$B$12,0) | K13: =K12+J13
A14: TOTAL | C14: =SUM(C2:C13) | D14: =SUM(D2:D13) | E14: =SUM(E2:E13) | F14: =SUM(F2:F13) | G14: =SUM(G2:G13) | H14: =SUM(H2:H13) | I14: =SUM(I2:I13) | J14: =SUM(J2:J13)
A16: * Arus kas = laba bersih + penyusutan (+ sewa pada bulan yang sudah dibayar di muka dalam modal). Sisihkan Rp1,2jt/bulan sejak bulan 1 untuk membayar sewa periode berikutnya.
A17: Balik modal = bulan pertama kolom 'Kas Kumulatif vs Modal' bernilai positif.

Sheet Skenario & BEP
A1: Indikator | B1: Pesimis | C1: Moderat | D1: Optimis
A2: Transaksi per hari | B2: 55 | C2: 80 | D2: 110
A3: Rata-rata transaksi | B3: 14000 | C3: 15000 | D3: 16000
A4: Omzet / bulan | B4: =B2*B3*Asumsi!$B$5 | C4: =C2*C3*Asumsi!$B$5 | D4: =D2*D3*Asumsi!$B$5
A5: HPP | B5: =B4*Asumsi!$B$4 | C5: =C4*Asumsi!$B$4 | D5: =D4*Asumsi!$B$4
A6: Laba kotor | B6: =B4-B5 | C6: =C4-C5 | D6: =D4-D5
A7: Biaya tetap | B7: =Asumsi!$B$23 | C7: =Asumsi!$B$23 | D7: =Asumsi!$B$23
A8: Pajak + MDR | B8: =B4*(Asumsi!$B$6+Asumsi!$B$7*Asumsi!$B$8) | C8: =C4*(Asumsi!$B$6+Asumsi!$B$7*Asumsi!$B$8) | D8: =D4*(Asumsi!$B$6+Asumsi!$B$7*Asumsi!$B$8)
A9: Laba bersih / bulan | B9: =B6-B7-B8 | C9: =C6-C7-C8 | D9: =D6-D7-D8
A10: Net margin | B10: =B9/B4 | C10: =C9/C4 | D10: =D9/D4
A11: Arus kas operasi / bulan | B11: =B9+Asumsi!$B$22 | C11: =C9+Asumsi!$B$22 | D11: =D9+Asumsi!$B$22
A12: Payback kondisi stabil (bulan) | B12: =Modal!$E$42/B11 | C12: =Modal!$E$42/C11 | D12: =Modal!$E$42/D11
A15: TITIK IMPAS (BEP)
A16: Omzet BEP / bulan | B16: =Asumsi!$B$23/(1-Asumsi!$B$4-Asumsi!$B$6-Asumsi!$B$7*Asumsi!$B$8)
A17: Omzet BEP / hari | B17: =B16/Asumsi!$B$5
A18: Transaksi BEP / hari | B18: =B17/Asumsi!$B$3
